{"cameraMode":{"drawMode":0,"name":"Shaded","section":"Shading Mode"},"sceneLighting":false,"audioPlay":false,"sceneViewState":{"m_AlwaysRefresh":false,"showFog":true,"showSkybox":true,"showFlares":true,"showImageEffects":true,"showParticleSystems":true,"showVisualEffectGraphs":true,"m_FxEnabled":true},"in2DMode":false,"pivot":{"x":4.269012451171875,"y":3.4879913330078127,"z":3.4859619140625},"rotation":{"x":0.18853488564491273,"y":-0.038950368762016299,"z":0.007543218322098255,"w":0.9813429713249207},"size":1450.802490234375,"orthographic":false}